{
  "beta_a_t": 10.067671775817871,
  "se_a_t": 0.553573727607727,
  "p_value_a_t": 0.0,
  "robust_se_a_t": 0.4868237376213074,
  "robust_p_value_a_t": 0.0,
  "beta_il": -11.61492919921875,
  "se_il": 5.943770408630371,
  "p_value_il": 0.05068526417016983,
  "robust_se_il": 5.922232151031494,
  "robust_p_value_il": 0.04985083267092705,
  "beta_intercept": 9.592076301574707,
  "n_obs": 191,
  "r_squared": 0.6435342315041788,
  "mean_blocklife": 91917.6328125,
  "mean_blocklife_hours": 306.392109375
}