{
  "beta_a_t": 5.336475849151611,
  "se_a_t": 0.33307716250419617,
  "p_value_a_t": 0.0,
  "robust_se_a_t": 0.32769739627838135,
  "robust_p_value_a_t": 0.0,
  "beta_il": -0.07348179072141647,
  "se_il": 6.282958984375,
  "p_value_il": 0.9906686544418335,
  "robust_se_il": 5.948704719543457,
  "robust_p_value_il": 0.9901443123817444,
  "beta_intercept": 10.875526428222656,
  "n_obs": 191,
  "r_squared": 0.5841275968782773,
  "mean_blocklife": 91917.6328125,
  "mean_blocklife_hours": 306.392109375
}