{
  "beta_concentration": -0.1747564971446991,
  "se_concentration": 0.03409263491630554,
  "p_value_concentration": 2.9607090823446924e-07,
  "beta_swap": 0.48342370986938477,
  "beta_jit_lag": -2.22000789642334,
  "n_obs": 91,
  "pseudo_r2": 0.3585063267681291,
  "wtp_mean": 5.494311819264136e-07,
  "log_likelihood": -41.344149082899094,
  "aic": 90.68829816579819
}